<?xml version="1.0" encoding="UTF-8"?>
<ti:module xmlns:ti="http://ti.appcelerator.org" xmlns:android="http://schemas.android.com/apk/res/android">
    <android xmlns:android="http://schemas.android.com/apk/res/android">
            <manifest>
               <uses-permission android:name="android.permission.INTERNET" />
               
               <application>
                  <meta-data android:name="com.google.android.gms.version" android:value="@integer/google_play_services_version"/>
               </application>
            </manifest>
    </android>
</ti:module>